Timestamp,GPU Utilization,Memory Usage,Power Usage (W)
2024-07-17T05:59:36.700593,0,1.159423828125,64.28
2024-07-17T05:59:36.734013,0,1.161376953125,64.28
2024-07-17T05:59:36.759164,0,1.190673828125,64.28
2024-07-17T05:59:36.784318,0,1.190673828125,64.28
2024-07-17T05:59:36.809526,0,1.190673828125,64.28
2024-07-17T05:59:36.834779,0,1.190673828125,64.924
2024-07-17T05:59:36.859858,0,1.190673828125,64.924
2024-07-17T05:59:36.884989,0,1.190673828125,64.924
2024-07-17T05:59:36.910092,0,1.190673828125,64.924
2024-07-17T05:59:36.935189,0,1.190673828125,64.924
2024-07-17T05:59:36.960284,0,1.190673828125,64.409
2024-07-17T05:59:36.985414,0,1.190673828125,64.409
2024-07-17T05:59:37.010560,0,1.190673828125,64.409
2024-07-17T05:59:37.035680,0,1.190673828125,64.409
2024-07-17T05:59:37.060784,0,1.190673828125,64.409
2024-07-17T05:59:37.085895,0,1.190673828125,64.409
2024-07-17T05:59:37.111052,0,1.190673828125,64.409
2024-07-17T05:59:37.136156,0,1.190673828125,64.409
2024-07-17T05:59:37.161255,0,1.190673828125,64.515
2024-07-17T05:59:37.186355,0,1.190673828125,64.515
2024-07-17T05:59:37.211462,0,1.190673828125,64.515
2024-07-17T05:59:37.236577,0,1.190673828125,64.515
2024-07-17T05:59:37.261682,0,1.190673828125,64.515
2024-07-17T05:59:37.286787,0,1.190673828125,64.515
2024-07-17T05:59:37.311855,0,1.190673828125,64.515
2024-07-17T05:59:37.336954,0,1.190673828125,64.515
2024-07-17T05:59:37.362053,0,1.190673828125,64.426
2024-07-17T05:59:37.387156,0,1.190673828125,64.426
2024-07-17T05:59:37.412257,0,1.190673828125,64.426
2024-07-17T05:59:37.437365,0,1.190673828125,64.426
2024-07-17T05:59:37.462468,0,1.190673828125,64.426
2024-07-17T05:59:37.487568,0,1.190673828125,64.426
2024-07-17T05:59:37.512676,0,1.190673828125,64.426
2024-07-17T05:59:37.537784,0,1.190673828125,64.426
2024-07-17T05:59:37.562855,0,1.190673828125,64.67
2024-07-17T05:59:37.587967,0,1.190673828125,64.67
2024-07-17T05:59:37.613109,0,1.190673828125,64.67
2024-07-17T05:59:37.638268,0,1.190673828125,64.67
2024-07-17T05:59:37.663494,0,1.190673828125,64.996
2024-07-17T05:59:37.688719,0,1.190673828125,64.996
2024-07-17T05:59:37.713902,0,1.430908203125,64.996
2024-07-17T05:59:37.739070,0,1.503173828125,64.996
2024-07-17T05:59:37.764286,0,1.503173828125,64.674
2024-07-17T05:59:37.789483,0,1.503173828125,64.674
2024-07-17T05:59:37.814636,0,1.503173828125,64.674
2024-07-17T05:59:37.839753,0,1.503173828125,64.674
2024-07-17T05:59:37.864851,0,1.503173828125,172.986
2024-07-17T05:59:37.889942,0,1.503173828125,172.986
2024-07-17T05:59:37.915108,4,1.503173828125,172.986
2024-07-17T05:59:37.940259,4,1.503173828125,172.986
2024-07-17T05:59:37.965407,4,1.503173828125,172.986
2024-07-17T05:59:37.990521,4,1.503173828125,169.115
2024-07-17T05:59:38.015634,4,1.503173828125,169.115
2024-07-17T05:59:38.040820,4,1.503173828125,169.115
2024-07-17T05:59:38.065992,4,1.503173828125,94.17
2024-07-17T05:59:38.091147,4,1.503173828125,94.17
2024-07-17T05:59:38.116265,61,1.503173828125,94.17
2024-07-17T05:59:38.141395,61,1.503173828125,94.17
2024-07-17T05:59:38.166488,61,1.503173828125,94.17
2024-07-17T05:59:38.191696,61,1.503173828125,140.794
2024-07-17T05:59:38.216865,61,1.503173828125,140.794
2024-07-17T05:59:38.242034,61,1.503173828125,140.794
2024-07-17T05:59:38.267148,61,1.503173828125,140.794
2024-07-17T05:59:38.292262,61,1.503173828125,173.373
2024-07-17T05:59:38.317451,81,1.503173828125,173.373
2024-07-17T05:59:38.342628,81,1.503173828125,173.373
2024-07-17T05:59:38.367823,81,1.503173828125,173.373
2024-07-17T05:59:38.392943,81,1.503173828125,160.66
2024-07-17T05:59:38.418052,81,1.503173828125,160.66
2024-07-17T05:59:38.446600,81,1.505126953125,160.66
2024-07-17T05:59:38.471735,81,1.505126953125,160.66
2024-07-17T05:59:38.496906,81,1.505126953125,73.724
2024-07-17T05:59:38.522037,61,1.505126953125,73.724
2024-07-17T05:59:38.547156,61,1.505126953125,73.724
2024-07-17T05:59:38.572269,61,1.505126953125,73.724
2024-07-17T05:59:38.597401,61,1.505126953125,173.205
2024-07-17T05:59:38.622542,61,1.505126953125,173.205
2024-07-17T05:59:38.647736,61,1.505126953125,173.205
2024-07-17T05:59:38.672857,61,1.505126953125,173.205
2024-07-17T05:59:38.697975,61,1.505126953125,173.205
2024-07-17T05:59:38.723084,64,1.505126953125,158.074
2024-07-17T05:59:38.748172,64,1.505126953125,158.074
2024-07-17T05:59:38.773317,64,1.505126953125,158.074
2024-07-17T05:59:38.798492,64,1.505126953125,85.358
2024-07-17T05:59:38.823610,64,1.505126953125,85.358
2024-07-17T05:59:38.848725,64,1.505126953125,85.358
2024-07-17T05:59:38.873832,64,1.505126953125,85.358
2024-07-17T05:59:38.898928,64,1.505126953125,173.926
2024-07-17T05:59:38.924130,64,1.505126953125,173.926
2024-07-17T05:59:38.949259,81,1.505126953125,173.926
2024-07-17T05:59:38.974401,81,1.505126953125,173.926
2024-07-17T05:59:38.999515,81,1.505126953125,173.926
2024-07-17T05:59:39.024627,81,1.505126953125,169.115
2024-07-17T05:59:39.051278,81,1.505126953125,169.115
2024-07-17T05:59:39.076420,81,1.505126953125,169.115
2024-07-17T05:59:39.101548,81,1.505126953125,169.115
2024-07-17T05:59:39.126665,62,1.505126953125,76.784
2024-07-17T05:59:39.151772,62,1.505126953125,76.784
2024-07-17T05:59:39.176860,62,1.505126953125,76.784
2024-07-17T05:59:39.202005,62,1.505126953125,76.784
2024-07-17T05:59:39.227150,62,1.505126953125,172.0
2024-07-17T05:59:39.252273,62,1.505126953125,172.0
2024-07-17T05:59:39.277388,62,1.505126953125,172.0
2024-07-17T05:59:39.302496,62,1.505126953125,172.0
2024-07-17T05:59:39.327591,62,1.505126953125,168.178
2024-07-17T05:59:39.352762,67,1.505126953125,168.178
2024-07-17T05:59:39.377933,67,1.505126953125,168.178
2024-07-17T05:59:39.403051,67,1.505126953125,168.178
2024-07-17T05:59:39.428159,67,1.505126953125,134.161
2024-07-17T05:59:39.453251,67,1.505126953125,134.161
2024-07-17T05:59:39.478385,67,1.505126953125,134.161
2024-07-17T05:59:39.503557,67,1.505126953125,134.161
2024-07-17T05:59:39.528804,67,1.505126953125,104.37
2024-07-17T05:59:39.553956,58,1.505126953125,104.37
2024-07-17T05:59:39.579078,58,1.505126953125,104.37
2024-07-17T05:59:39.604190,58,1.505126953125,104.37
2024-07-17T05:59:39.629292,58,1.505126953125,164.934
2024-07-17T05:59:39.654915,58,1.505126953125,164.934
2024-07-17T05:59:39.680083,58,1.505126953125,164.934
2024-07-17T05:59:39.705222,58,1.505126953125,164.934
2024-07-17T05:59:39.730339,58,1.505126953125,164.934
2024-07-17T05:59:39.755448,82,1.505126953125,82.917
2024-07-17T05:59:39.780552,82,1.505126953125,82.917
2024-07-17T05:59:39.805732,82,1.505126953125,82.917
2024-07-17T05:59:39.830877,82,1.505126953125,172.742
2024-07-17T05:59:39.856011,82,1.505126953125,172.742
2024-07-17T05:59:39.881124,82,1.505126953125,172.742
2024-07-17T05:59:39.906231,82,1.505126953125,172.742
2024-07-17T05:59:39.931322,82,1.505126953125,174.621
2024-07-17T05:59:39.956485,82,1.505126953125,174.621
2024-07-17T05:59:39.981661,67,1.505126953125,174.621
2024-07-17T05:59:40.006779,67,1.505126953125,174.621
2024-07-17T05:59:40.031853,67,1.505126953125,174.621
2024-07-17T05:59:40.056960,67,1.505126953125,146.209
2024-07-17T05:59:40.082139,67,1.505126953125,146.209
2024-07-17T05:59:40.107267,67,1.505126953125,146.209
2024-07-17T05:59:40.132389,67,1.505126953125,146.209
2024-07-17T05:59:40.157504,79,1.505126953125,106.373
2024-07-17T05:59:40.182609,79,1.505126953125,106.373
2024-07-17T05:59:40.207702,79,1.505126953125,106.373
2024-07-17T05:59:40.232860,79,1.505126953125,106.373
2024-07-17T05:59:40.258031,79,1.505126953125,176.072
2024-07-17T05:59:40.283147,79,1.505126953125,176.072
2024-07-17T05:59:40.308260,79,1.505126953125,176.072
2024-07-17T05:59:40.333363,79,1.505126953125,176.072
2024-07-17T05:59:40.358460,79,1.505126953125,168.49
2024-07-17T05:59:40.383639,79,1.505126953125,168.49
2024-07-17T05:59:40.408802,79,1.505126953125,168.49
2024-07-17T05:59:40.433954,79,1.505126953125,168.49
2024-07-17T05:59:40.459067,79,1.505126953125,76.647
2024-07-17T05:59:40.484178,79,1.505126953125,76.647
2024-07-17T05:59:40.509775,79,1.505126953125,76.647
2024-07-17T05:59:40.534967,79,1.505126953125,76.647
2024-07-17T05:59:40.560085,79,1.505126953125,175.125
2024-07-17T05:59:40.585200,63,1.505126953125,175.125
2024-07-17T05:59:40.610307,63,1.505126953125,175.125
2024-07-17T05:59:40.635416,63,1.505126953125,175.125
2024-07-17T05:59:40.660690,63,1.505126953125,172.341
2024-07-17T05:59:40.685879,63,1.505126953125,172.341
2024-07-17T05:59:40.711004,63,1.505126953125,172.341
2024-07-17T05:59:40.736116,63,1.505126953125,172.341
2024-07-17T05:59:40.761207,63,1.505126953125,75.754
2024-07-17T05:59:40.786357,77,1.505126953125,75.754
2024-07-17T05:59:40.811511,77,1.505126953125,75.754
2024-07-17T05:59:40.836627,77,1.505126953125,75.754
2024-07-17T05:59:40.861738,77,1.505126953125,92.122
2024-07-17T05:59:40.886841,77,1.505126953125,92.122
2024-07-17T05:59:40.911943,77,1.505126953125,92.122
2024-07-17T05:59:40.937163,77,1.505126953125,92.122
2024-07-17T05:59:40.962297,77,1.505126953125,176.211
2024-07-17T05:59:40.987459,77,1.505126953125,176.211
2024-07-17T05:59:41.012570,62,1.505126953125,176.211
2024-07-17T05:59:41.037678,62,1.505126953125,176.211
2024-07-17T05:59:41.062838,62,1.505126953125,170.383
2024-07-17T05:59:41.088001,62,1.505126953125,170.383
2024-07-17T05:59:41.113122,62,1.505126953125,170.383
2024-07-17T05:59:41.138234,62,1.505126953125,170.383
2024-07-17T05:59:41.163340,62,1.505126953125,98.994
2024-07-17T05:59:41.188432,62,1.505126953125,98.994
2024-07-17T05:59:41.213601,83,1.505126953125,98.994
2024-07-17T05:59:41.238730,83,1.505126953125,98.994
2024-07-17T05:59:41.263908,83,1.505126953125,98.994
2024-07-17T05:59:41.289021,83,1.505126953125,170.332
2024-07-17T05:59:41.314136,83,1.505126953125,170.332
2024-07-17T05:59:41.339293,83,1.505126953125,170.332
2024-07-17T05:59:41.364496,83,1.505126953125,170.332
2024-07-17T05:59:41.389656,83,1.505126953125,174.696
2024-07-17T05:59:41.414773,65,1.505126953125,174.696
2024-07-17T05:59:41.439850,65,1.505126953125,174.696
2024-07-17T05:59:41.464958,65,1.505126953125,174.696
2024-07-17T05:59:41.491839,65,1.505126953125,90.283
2024-07-17T05:59:41.517041,65,1.505126953125,90.283
2024-07-17T05:59:41.542247,65,1.745361328125,90.283
2024-07-17T05:59:41.567391,65,1.745361328125,90.283
2024-07-17T05:59:41.592509,65,1.745361328125,168.455
2024-07-17T05:59:41.617619,58,1.745361328125,168.455
2024-07-17T05:59:41.642709,58,1.745361328125,168.455
2024-07-17T05:59:41.667906,58,1.745361328125,168.455
2024-07-17T05:59:41.693057,58,1.745361328125,168.455
2024-07-17T05:59:41.718176,58,1.745361328125,103.398
2024-07-17T05:59:41.743289,58,1.745361328125,103.398
2024-07-17T05:59:41.768411,58,1.745361328125,103.398
2024-07-17T05:59:41.793517,58,1.745361328125,173.787
2024-07-17T05:59:41.818709,82,1.745361328125,173.787
2024-07-17T05:59:41.843902,82,1.745361328125,173.787
2024-07-17T05:59:41.869020,82,1.745361328125,173.787
2024-07-17T05:59:41.894129,82,1.745361328125,175.978
2024-07-17T05:59:41.919222,82,1.745361328125,175.978
2024-07-17T05:59:41.944385,82,1.745361328125,175.978
2024-07-17T05:59:41.969527,82,1.745361328125,175.978
2024-07-17T05:59:41.994649,82,1.745361328125,175.978
2024-07-17T05:59:42.019764,64,1.745361328125,164.098
2024-07-17T05:59:42.044850,64,1.745361328125,164.098
2024-07-17T05:59:42.069945,64,1.745361328125,164.098
2024-07-17T05:59:42.095110,64,1.745361328125,164.098
2024-07-17T05:59:42.120254,64,1.745361328125,85.758
2024-07-17T05:59:42.145372,64,1.745361328125,85.758
2024-07-17T05:59:42.170482,64,1.745361328125,85.758
2024-07-17T05:59:42.195610,64,1.745361328125,85.758
2024-07-17T05:59:42.221247,80,1.745361328125,177.545
2024-07-17T05:59:42.246446,80,1.745361328125,177.545
2024-07-17T05:59:42.271583,80,1.745361328125,177.545
2024-07-17T05:59:42.296698,80,1.745361328125,177.545
2024-07-17T05:59:42.321805,80,1.745361328125,174.986
2024-07-17T05:59:42.346860,80,1.745361328125,174.986
2024-07-17T05:59:42.372030,80,1.745361328125,174.986
2024-07-17T05:59:42.397175,80,1.745361328125,174.986
2024-07-17T05:59:42.422293,80,1.745361328125,114.838
2024-07-17T05:59:42.447403,75,1.745361328125,114.838
2024-07-17T05:59:42.472899,75,1.745361328125,114.838
2024-07-17T05:59:42.498012,75,1.745361328125,114.838
2024-07-17T05:59:42.523211,75,1.745361328125,114.838
2024-07-17T05:59:42.548338,75,1.745361328125,163.479
2024-07-17T05:59:42.573456,75,1.745361328125,163.479
2024-07-17T05:59:42.598566,75,1.745361328125,163.479
2024-07-17T05:59:42.623658,75,1.745361328125,163.479
2024-07-17T05:59:42.648801,74,1.745361328125,177.062
2024-07-17T05:59:42.673977,74,1.745361328125,177.062
2024-07-17T05:59:42.699241,74,1.745361328125,177.062
2024-07-17T05:59:42.724449,74,1.745361328125,177.062
2024-07-17T05:59:42.749569,74,1.745361328125,66.447
2024-07-17T05:59:42.774678,74,1.745361328125,66.447
2024-07-17T05:59:42.799775,74,1.745361328125,66.447
2024-07-17T05:59:42.824859,74,1.745361328125,155.397
2024-07-17T05:59:42.850048,74,1.745361328125,155.397
2024-07-17T05:59:42.875205,58,1.745361328125,155.397
2024-07-17T05:59:42.900323,58,1.745361328125,155.397
2024-07-17T05:59:42.925448,58,1.745361328125,155.397
2024-07-17T05:59:42.950544,58,1.745361328125,156.673
2024-07-17T05:59:42.975749,58,1.745361328125,156.673
2024-07-17T05:59:43.000976,58,1.745361328125,156.673
2024-07-17T05:59:43.026158,58,1.745361328125,156.673
2024-07-17T05:59:43.051277,83,1.745361328125,76.675
2024-07-17T05:59:43.076382,83,1.745361328125,76.675
2024-07-17T05:59:43.101475,83,1.745361328125,76.675
2024-07-17T05:59:43.126675,83,1.745361328125,76.675
2024-07-17T05:59:43.151865,83,1.745361328125,161.007
2024-07-17T05:59:43.176984,83,1.745361328125,161.007
2024-07-17T05:59:43.202096,83,1.745361328125,161.007
2024-07-17T05:59:43.227180,83,1.745361328125,161.007
2024-07-17T05:59:43.252286,83,1.745361328125,177.466
2024-07-17T05:59:43.277461,69,1.745361328125,177.466
2024-07-17T05:59:43.302739,69,1.745361328125,177.466
2024-07-17T05:59:43.327857,69,1.745361328125,177.466
2024-07-17T05:59:43.352972,69,1.745361328125,177.466
2024-07-17T05:59:43.378054,69,1.745361328125,68.194
2024-07-17T05:59:43.403143,69,1.745361328125,68.194
2024-07-17T05:59:43.428920,69,1.745361328125,68.194
2024-07-17T05:59:43.454058,69,1.745361328125,68.194
2024-07-17T05:59:43.479183,69,1.745361328125,159.996
2024-07-17T05:59:43.504301,69,1.745361328125,159.996
2024-07-17T05:59:43.529409,69,1.745361328125,159.996
2024-07-17T05:59:43.554520,69,1.745361328125,172.853
2024-07-17T05:59:43.579678,69,1.745361328125,172.853
2024-07-17T05:59:43.604851,69,1.745361328125,172.853
2024-07-17T05:59:43.629971,69,1.745361328125,172.853
2024-07-17T05:59:43.655082,69,1.745361328125,101.45
2024-07-17T05:59:43.680175,69,1.745361328125,101.45
2024-07-17T05:59:43.705639,74,1.745361328125,101.45
2024-07-17T05:59:43.730823,74,1.745361328125,101.45
2024-07-17T05:59:43.756046,74,1.745361328125,101.45
2024-07-17T05:59:43.781162,74,1.745361328125,144.617
2024-07-17T05:59:43.806277,74,1.745361328125,144.617
2024-07-17T05:59:43.831388,74,1.745361328125,144.617
2024-07-17T05:59:43.856521,74,1.745361328125,144.617
2024-07-17T05:59:43.881677,76,1.745361328125,175.212
2024-07-17T05:59:43.906797,76,1.745361328125,175.212
2024-07-17T05:59:43.931910,76,1.745361328125,175.212
2024-07-17T05:59:43.957239,76,1.745361328125,175.212
2024-07-17T05:59:43.982369,76,1.745361328125,161.588
2024-07-17T05:59:44.007522,76,1.745361328125,161.588
2024-07-17T05:59:44.032889,76,1.745361328125,161.588
2024-07-17T05:59:44.058167,76,1.745361328125,161.588
2024-07-17T05:59:44.083361,76,1.745361328125,79.11
2024-07-17T05:59:44.108477,83,1.745361328125,79.11
2024-07-17T05:59:44.133584,83,1.745361328125,79.11
2024-07-17T05:59:44.158792,83,1.745361328125,79.11
2024-07-17T05:59:44.183926,83,1.745361328125,170.826
2024-07-17T05:59:44.209065,83,1.745361328125,170.826
2024-07-17T05:59:44.234182,83,1.745361328125,170.826
2024-07-17T05:59:44.259303,83,1.745361328125,170.826
2024-07-17T05:59:44.285449,83,1.745361328125,164.75
2024-07-17T05:59:44.310626,40,1.745361328125,164.75
2024-07-17T05:59:44.335759,40,1.745361328125,164.75
2024-07-17T05:59:44.360856,40,1.745361328125,164.75
2024-07-17T05:59:44.385967,40,1.745361328125,164.75
2024-07-17T05:59:44.411060,40,1.745361328125,175.035
2024-07-17T05:59:44.436227,40,1.745361328125,175.035
2024-07-17T05:59:44.461426,40,1.745361328125,175.035
2024-07-17T05:59:44.486607,40,1.745361328125,175.035
2024-07-17T05:59:44.511723,80,1.745361328125,173.75
2024-07-17T05:59:44.536860,80,1.745361328125,173.75
2024-07-17T05:59:44.561988,80,1.745361328125,173.75
2024-07-17T05:59:44.587135,80,1.745361328125,173.75
2024-07-17T05:59:44.612292,80,1.745361328125,116.896
2024-07-17T05:59:44.637410,80,1.745361328125,116.896
2024-07-17T05:59:44.662521,80,1.745361328125,116.896
2024-07-17T05:59:44.687612,80,1.745361328125,116.896
2024-07-17T05:59:44.712791,80,1.745361328125,120.781
2024-07-17T05:59:44.737999,70,1.745361328125,120.781
2024-07-17T05:59:44.763193,70,1.745361328125,120.781
2024-07-17T05:59:44.788310,70,1.745361328125,120.781
2024-07-17T05:59:44.813422,70,1.745361328125,175.257
2024-07-17T05:59:44.838517,70,1.747314453125,175.257
2024-07-17T05:59:44.863686,70,1.747314453125,175.257
2024-07-17T05:59:44.888871,70,1.747314453125,175.257
2024-07-17T05:59:44.914049,70,1.747314453125,136.425
2024-07-17T05:59:44.939166,72,1.747314453125,136.425
2024-07-17T05:59:44.964276,72,1.747314453125,136.425
2024-07-17T05:59:44.989370,72,1.747314453125,136.425
2024-07-17T05:59:45.014584,72,1.747314453125,136.425
2024-07-17T05:59:45.039740,72,1.747314453125,99.285
2024-07-17T05:59:45.064872,72,1.747314453125,99.285
2024-07-17T05:59:45.089986,72,1.747314453125,99.285
2024-07-17T05:59:45.115101,72,1.747314453125,174.614
2024-07-17T05:59:45.140238,72,1.747314453125,174.614
2024-07-17T05:59:45.165380,72,1.747314453125,174.614
2024-07-17T05:59:45.190526,72,1.747314453125,174.614
2024-07-17T05:59:45.215644,72,1.747314453125,170.49
2024-07-17T05:59:45.240761,72,1.747314453125,170.49
2024-07-17T05:59:45.265857,72,1.747314453125,170.49
2024-07-17T05:59:45.290991,72,1.747314453125,170.49
2024-07-17T05:59:45.316179,72,1.747314453125,76.783
2024-07-17T05:59:45.341326,72,1.747314453125,76.783
2024-07-17T05:59:45.366440,62,1.747314453125,76.783
2024-07-17T05:59:45.391546,62,1.747314453125,76.783
2024-07-17T05:59:45.416640,62,1.747314453125,76.783
2024-07-17T05:59:45.441792,62,1.747314453125,175.655
2024-07-17T05:59:45.466936,62,1.747314453125,175.655
2024-07-17T05:59:45.492091,62,1.747314453125,175.655
2024-07-17T05:59:45.517204,62,1.747314453125,175.655
2024-07-17T05:59:45.542317,62,1.747314453125,173.74
2024-07-17T05:59:45.567498,81,1.747314453125,173.74
2024-07-17T05:59:45.592644,81,1.747314453125,173.74
2024-07-17T05:59:45.617843,81,1.747314453125,173.74
2024-07-17T05:59:45.642962,81,1.747314453125,142.231
2024-07-17T05:59:45.668070,81,1.747314453125,142.231
2024-07-17T05:59:45.693166,81,1.747314453125,142.231
2024-07-17T05:59:45.718314,81,1.747314453125,142.231
2024-07-17T05:59:45.743459,81,1.747314453125,105.176
2024-07-17T05:59:45.768595,53,1.747314453125,105.176
2024-07-17T05:59:45.793745,53,1.747314453125,105.176
2024-07-17T05:59:45.818861,53,1.751220703125,105.176
2024-07-17T05:59:45.844003,53,1.759033203125,65.786
2024-07-17T05:59:45.869141,53,1.762939453125,65.786
2024-07-17T05:59:45.894285,53,1.762939453125,65.786
2024-07-17T05:59:45.919461,53,1.762939453125,65.786
2024-07-17T05:59:45.944655,53,1.762939453125,65.891
2024-07-17T05:59:45.970036,1,1.762939453125,65.891
2024-07-17T05:59:45.995241,1,1.762939453125,65.891
2024-07-17T05:59:46.020458,1,1.764892578125,65.891
2024-07-17T05:59:46.045659,1,1.764892578125,65.714
2024-07-17T05:59:46.070887,1,1.764892578125,65.714
2024-07-17T05:59:46.096226,1,1.764892578125,65.714
2024-07-17T05:59:46.121454,1,1.784423828125,65.714
2024-07-17T05:59:46.146677,1,1.805908203125,65.624
2024-07-17T05:59:46.171812,2,1.813720703125,65.624
2024-07-17T05:59:46.196957,2,1.813720703125,65.624
2024-07-17T05:59:46.222113,2,1.813720703125,65.624
2024-07-17T05:59:46.247296,2,1.821533203125,65.624
2024-07-17T05:59:46.272503,2,1.821533203125,65.714
2024-07-17T05:59:46.297664,2,1.821533203125,65.714
2024-07-17T05:59:46.322795,2,1.821533203125,65.714
2024-07-17T05:59:46.347937,2,1.821533203125,128.018
2024-07-17T05:59:46.373050,2,1.821533203125,128.018
2024-07-17T05:59:46.398145,44,1.821533203125,128.018
2024-07-17T05:59:46.423370,44,1.821533203125,128.018
2024-07-17T05:59:46.448554,44,1.821533203125,89.309
2024-07-17T05:59:46.473740,44,1.821533203125,89.309
2024-07-17T05:59:46.498855,44,1.821533203125,89.309
2024-07-17T05:59:46.523975,44,1.821533203125,89.309
2024-07-17T05:59:46.549226,44,1.821533203125,170.296
2024-07-17T05:59:46.574468,44,1.821533203125,170.296
2024-07-17T05:59:46.599602,44,1.821533203125,170.296
2024-07-17T05:59:46.624769,44,1.821533203125,170.296
2024-07-17T05:59:46.649854,44,1.821533203125,164.282
2024-07-17T05:59:46.674962,44,1.821533203125,164.282
2024-07-17T05:59:46.700120,44,1.821533203125,164.282
2024-07-17T05:59:46.725279,44,1.821533203125,164.282
2024-07-17T05:59:46.750469,44,1.821533203125,164.282
2024-07-17T05:59:46.775599,44,1.821533203125,74.862
2024-07-17T05:59:46.800719,81,1.821533203125,74.862
2024-07-17T05:59:46.825954,81,1.821533203125,74.862
2024-07-17T05:59:46.851129,81,1.821533203125,74.862
2024-07-17T05:59:46.876267,81,1.821533203125,160.067
2024-07-17T05:59:46.901421,81,1.821533203125,160.067
2024-07-17T05:59:46.926534,81,1.821533203125,160.067
2024-07-17T05:59:46.951643,81,1.821533203125,160.067
2024-07-17T05:59:46.976854,81,1.821533203125,170.682
2024-07-17T05:59:47.002010,61,1.821533203125,170.682
2024-07-17T05:59:47.027173,61,1.821533203125,170.682
2024-07-17T05:59:47.052287,61,1.821533203125,170.682
2024-07-17T05:59:47.077418,61,1.823486328125,170.682
2024-07-17T05:59:47.102551,61,1.823486328125,156.452
2024-07-17T05:59:47.127758,61,1.823486328125,156.452
2024-07-17T05:59:47.152950,61,1.823486328125,156.452
2024-07-17T05:59:47.178084,61,1.823486328125,75.954
2024-07-17T05:59:47.203207,61,1.823486328125,75.954
2024-07-17T05:59:47.229062,75,1.823486328125,75.954
2024-07-17T05:59:47.254292,75,1.823486328125,75.954
2024-07-17T05:59:47.279450,75,1.823486328125,170.694
2024-07-17T05:59:47.304649,75,1.823486328125,170.694
2024-07-17T05:59:47.329762,75,1.823486328125,170.694
2024-07-17T05:59:47.354859,75,1.823486328125,170.694
2024-07-17T05:59:47.380046,75,1.823486328125,170.694
2024-07-17T05:59:47.405207,63,1.823486328125,166.585
2024-07-17T05:59:47.430390,63,1.823486328125,166.585
2024-07-17T05:59:47.455504,63,1.823486328125,166.585
2024-07-17T05:59:47.480618,63,1.823486328125,154.244
2024-07-17T05:59:47.505800,63,1.823486328125,154.244
2024-07-17T05:59:47.530933,63,1.823486328125,154.244
2024-07-17T05:59:47.556052,63,1.823486328125,154.244
2024-07-17T05:59:47.581176,63,1.823486328125,154.244
2024-07-17T05:59:47.606288,81,1.823486328125,84.58
2024-07-17T05:59:47.631401,81,1.823486328125,84.58
2024-07-17T05:59:47.656593,81,1.823486328125,84.58
2024-07-17T05:59:47.681747,81,1.823486328125,84.58
2024-07-17T05:59:47.706868,81,1.823486328125,168.127
2024-07-17T05:59:47.731988,81,1.823486328125,168.127
2024-07-17T05:59:47.757099,81,1.823486328125,168.127
2024-07-17T05:59:47.782189,81,1.823486328125,168.127
2024-07-17T05:59:47.807375,81,1.823486328125,165.412
2024-07-17T05:59:47.832573,73,1.823486328125,165.412
2024-07-17T05:59:47.857769,73,1.823486328125,165.412
2024-07-17T05:59:47.882853,73,1.823486328125,165.412
2024-07-17T05:59:47.907984,73,1.823486328125,127.314
2024-07-17T05:59:47.934700,73,1.823486328125,127.314
2024-07-17T05:59:47.959836,73,1.823486328125,127.314
2024-07-17T05:59:47.985012,73,1.823486328125,127.314
2024-07-17T05:59:48.010591,73,1.823486328125,65.954
2024-07-17T05:59:48.035806,48,1.823486328125,65.954
2024-07-17T05:59:48.060929,48,1.823486328125,65.954
2024-07-17T05:59:48.086041,48,1.823486328125,65.954
2024-07-17T05:59:48.111148,48,1.823486328125,65.954
2024-07-17T05:59:48.136245,48,1.823486328125,172.117
2024-07-17T05:59:48.161433,48,1.823486328125,172.117
2024-07-17T05:59:48.186562,48,1.823486328125,172.117
2024-07-17T05:59:48.211678,48,1.823486328125,172.117
2024-07-17T05:59:48.236786,64,1.823486328125,170.911
2024-07-17T05:59:48.261861,64,1.823486328125,170.911
2024-07-17T05:59:48.287008,64,1.823486328125,170.911
2024-07-17T05:59:48.312161,64,1.823486328125,170.911
2024-07-17T05:59:48.337312,64,1.823486328125,134.801
2024-07-17T05:59:48.362428,64,1.823486328125,134.801
2024-07-17T05:59:48.387536,64,1.823486328125,134.801
2024-07-17T05:59:48.413016,64,1.823486328125,124.621
2024-07-17T05:59:48.438202,64,1.823486328125,124.621
2024-07-17T05:59:48.463380,83,1.823486328125,124.621
2024-07-17T05:59:48.488498,83,1.823486328125,124.621
2024-07-17T05:59:48.513612,83,1.823486328125,124.621
2024-07-17T05:59:48.538726,83,1.823486328125,175.772
2024-07-17T05:59:48.563855,83,1.823486328125,175.772
2024-07-17T05:59:48.589001,83,1.823486328125,175.772
2024-07-17T05:59:48.614157,83,1.823486328125,175.772
2024-07-17T05:59:48.639294,64,1.823486328125,164.362
2024-07-17T05:59:48.664405,64,1.823486328125,164.362
2024-07-17T05:59:48.689496,64,1.823486328125,164.362
2024-07-17T05:59:48.714670,64,1.823486328125,164.362
2024-07-17T05:59:48.739878,64,1.823486328125,164.362
2024-07-17T05:59:48.765009,64,1.823486328125,82.4
2024-07-17T05:59:48.790122,64,1.823486328125,82.4
2024-07-17T05:59:48.815232,64,1.823486328125,82.4
2024-07-17T05:59:48.840340,64,1.823486328125,174.486
2024-07-17T05:59:48.865496,81,1.823486328125,174.486
2024-07-17T05:59:48.890645,81,1.823486328125,174.486
2024-07-17T05:59:48.915796,81,1.823486328125,174.486
2024-07-17T05:59:48.940914,81,1.823486328125,171.768
2024-07-17T05:59:48.966064,81,1.823486328125,171.768
2024-07-17T05:59:48.991174,81,1.823486328125,171.768
2024-07-17T05:59:49.016372,81,1.823486328125,171.768
2024-07-17T05:59:49.041500,81,1.823486328125,85.727
2024-07-17T05:59:49.066618,81,1.823486328125,85.727
2024-07-17T05:59:49.091728,74,1.823486328125,85.727
2024-07-17T05:59:49.116838,74,1.823486328125,85.727
2024-07-17T05:59:49.149246,74,1.823486328125,175.017
2024-07-17T05:59:49.174427,74,1.823486328125,175.017
2024-07-17T05:59:49.199566,74,1.823486328125,175.017
2024-07-17T05:59:49.224685,74,1.823486328125,175.017
2024-07-17T05:59:49.249801,74,1.823486328125,171.654
2024-07-17T05:59:49.274912,74,1.823486328125,171.654
2024-07-17T05:59:49.300073,63,1.823486328125,171.654
2024-07-17T05:59:49.325220,63,1.823486328125,171.654
2024-07-17T05:59:49.350341,63,1.823486328125,171.654
2024-07-17T05:59:49.375475,63,1.823486328125,117.353
2024-07-17T05:59:49.400581,63,1.823486328125,117.353
2024-07-17T05:59:49.425674,63,1.823486328125,117.353
2024-07-17T05:59:49.450831,63,1.823486328125,117.353
2024-07-17T05:59:49.476035,82,1.823486328125,137.851
2024-07-17T05:59:49.501220,82,1.823486328125,137.851
2024-07-17T05:59:49.526333,82,1.823486328125,137.851
2024-07-17T05:59:49.551444,82,1.823486328125,174.345
2024-07-17T05:59:49.576615,82,1.823486328125,174.345
2024-07-17T05:59:49.601771,82,1.823486328125,174.345
2024-07-17T05:59:49.626891,82,1.823486328125,174.345
2024-07-17T05:59:49.652007,82,1.823486328125,174.345
2024-07-17T05:59:49.677134,82,1.823486328125,162.508
2024-07-17T05:59:49.702263,62,1.823486328125,162.508
2024-07-17T05:59:49.727432,62,1.823486328125,162.508
2024-07-17T05:59:49.752614,62,1.823486328125,162.508
2024-07-17T05:59:49.777751,62,1.823486328125,80.121
2024-07-17T05:59:49.802854,62,1.823486328125,80.121
2024-07-17T05:59:49.827977,62,1.823486328125,80.121
2024-07-17T05:59:49.853142,62,1.823486328125,80.121
2024-07-17T05:59:49.878319,62,1.823486328125,175.125
2024-07-17T05:59:49.903521,80,1.823486328125,175.125
2024-07-17T05:59:49.928639,80,1.823486328125,175.125
2024-07-17T05:59:49.954173,80,1.823486328125,175.125
2024-07-17T05:59:49.979339,80,1.823486328125,172.918
2024-07-17T05:59:50.004477,80,1.823486328125,172.918
2024-07-17T05:59:50.029650,80,1.823486328125,172.918
2024-07-17T05:59:50.054874,80,1.854736328125,172.918
2024-07-17T05:59:50.080003,80,1.854736328125,172.918
2024-07-17T05:59:50.105116,67,1.854736328125,67.321
2024-07-17T05:59:50.130201,67,1.854736328125,67.321
2024-07-17T05:59:50.155281,67,1.854736328125,67.321
2024-07-17T05:59:50.180370,67,1.854736328125,162.049
2024-07-17T05:59:50.205537,67,1.854736328125,162.049
2024-07-17T05:59:50.230669,67,1.854736328125,162.049
2024-07-17T05:59:50.255785,67,1.854736328125,162.049
2024-07-17T05:59:50.280850,67,1.854736328125,143.857
2024-07-17T05:59:50.305940,67,1.854736328125,143.857
2024-07-17T05:59:50.331081,57,1.854736328125,143.857
2024-07-17T05:59:50.356231,57,1.854736328125,143.857
2024-07-17T05:59:50.381379,57,1.854736328125,101.754
2024-07-17T05:59:50.406516,57,1.854736328125,101.754
2024-07-17T05:59:50.431626,57,1.854736328125,101.754
2024-07-17T05:59:50.456719,57,1.854736328125,101.754
2024-07-17T05:59:50.481854,57,1.854736328125,101.754
2024-07-17T05:59:50.507016,79,1.854736328125,162.322
2024-07-17T05:59:50.532137,79,1.854736328125,162.322
2024-07-17T05:59:50.557251,79,1.854736328125,162.322
2024-07-17T05:59:50.582355,79,1.854736328125,162.322
2024-07-17T05:59:50.607500,79,1.854736328125,166.59
2024-07-17T05:59:50.632736,79,1.854736328125,166.59
2024-07-17T05:59:50.657889,79,1.854736328125,166.59
2024-07-17T05:59:50.683007,79,1.854736328125,166.59
2024-07-17T05:59:50.708126,79,1.854736328125,84.301
2024-07-17T05:59:50.733257,78,1.854736328125,84.301
2024-07-17T05:59:50.758474,78,1.854736328125,84.301
2024-07-17T05:59:50.783618,78,1.854736328125,84.301
2024-07-17T05:59:50.808740,78,1.854736328125,117.001
2024-07-17T05:59:50.833852,78,1.854736328125,117.001
2024-07-17T05:59:50.858950,78,1.854736328125,117.001
2024-07-17T05:59:50.884093,78,1.854736328125,117.001
2024-07-17T05:59:50.909268,78,1.854736328125,117.001
2024-07-17T05:59:50.934403,68,1.854736328125,170.751
2024-07-17T05:59:50.959520,68,1.854736328125,170.751
2024-07-17T05:59:50.984632,68,1.854736328125,170.751
2024-07-17T05:59:51.009768,68,1.854736328125,169.718
2024-07-17T05:59:51.035011,68,1.854736328125,169.718
2024-07-17T05:59:51.060197,68,1.854736328125,169.718
2024-07-17T05:59:51.085315,68,1.854736328125,169.718
2024-07-17T05:59:51.110428,68,1.854736328125,86.762
2024-07-17T05:59:51.135519,68,1.856689453125,86.762
2024-07-17T05:59:51.160994,80,1.856689453125,86.762
2024-07-17T05:59:51.186224,80,1.856689453125,86.762
2024-07-17T05:59:51.211474,80,1.856689453125,86.762
2024-07-17T05:59:51.236594,80,1.856689453125,161.898
2024-07-17T05:59:51.261703,80,1.856689453125,161.898
2024-07-17T05:59:51.286795,80,1.856689453125,161.898
2024-07-17T05:59:51.311971,80,1.856689453125,161.898
2024-07-17T05:59:51.337118,64,1.856689453125,143.802
2024-07-17T05:59:51.362249,64,1.856689453125,143.802
2024-07-17T05:59:51.387365,64,1.856689453125,143.802
2024-07-17T05:59:51.412480,64,1.856689453125,143.802
2024-07-17T05:59:51.437666,64,1.856689453125,143.802
2024-07-17T05:59:51.462850,64,1.856689453125,143.802
2024-07-17T05:59:51.487969,64,1.856689453125,143.802
2024-07-17T05:59:51.513085,64,1.856689453125,143.802
2024-07-17T05:59:51.538192,64,1.856689453125,97.192
2024-07-17T05:59:51.563281,82,1.856689453125,97.192
2024-07-17T05:59:51.588433,82,1.856689453125,97.192
2024-07-17T05:59:51.613628,82,1.856689453125,97.192
2024-07-17T05:59:51.638748,82,1.856689453125,168.165
2024-07-17T05:59:51.663855,82,1.856689453125,168.165
2024-07-17T05:59:51.688968,82,1.856689453125,168.165
2024-07-17T05:59:51.714618,82,1.856689453125,168.165
2024-07-17T05:59:51.739773,82,1.856689453125,168.165
2024-07-17T05:59:51.764952,66,1.856689453125,88.23
2024-07-17T05:59:51.790066,66,1.856689453125,88.23
2024-07-17T05:59:51.815178,66,1.856689453125,88.23
2024-07-17T05:59:51.840292,66,1.856689453125,167.658
2024-07-17T05:59:51.865456,66,1.856689453125,167.658
2024-07-17T05:59:51.890613,66,1.856689453125,167.658
2024-07-17T05:59:51.915743,66,1.856689453125,167.658
2024-07-17T05:59:51.940854,66,1.856689453125,170.995
2024-07-17T05:59:51.965994,66,1.856689453125,170.995
2024-07-17T05:59:51.992900,83,1.856689453125,170.995
2024-07-17T05:59:52.018071,83,1.856689453125,170.995
2024-07-17T05:59:52.043202,83,1.856689453125,150.673
2024-07-17T05:59:52.068321,83,1.856689453125,150.673
2024-07-17T05:59:52.093432,83,1.856689453125,150.673
2024-07-17T05:59:52.118524,83,1.856689453125,150.673
2024-07-17T05:59:52.143683,83,1.856689453125,91.61
2024-07-17T05:59:52.168849,83,1.856689453125,91.61
2024-07-17T05:59:52.193969,67,1.856689453125,91.61
2024-07-17T05:59:52.219084,67,1.856689453125,91.61
2024-07-17T05:59:52.244192,67,1.856689453125,91.61
2024-07-17T05:59:52.269282,67,1.856689453125,173.255
2024-07-17T05:59:52.294447,67,1.856689453125,173.255
2024-07-17T05:59:52.319602,67,1.856689453125,173.255
2024-07-17T05:59:52.344722,67,1.856689453125,173.255
2024-07-17T05:59:52.369836,78,1.856689453125,157.77
2024-07-17T05:59:52.394950,78,1.856689453125,157.77
2024-07-17T05:59:52.420114,78,1.856689453125,157.77
2024-07-17T05:59:52.445336,78,1.856689453125,157.77
2024-07-17T05:59:52.470516,78,1.856689453125,80.386
2024-07-17T05:59:52.495635,78,1.856689453125,80.386
2024-07-17T05:59:52.520748,78,1.856689453125,80.386
2024-07-17T05:59:52.545894,78,1.856689453125,80.386
2024-07-17T05:59:52.571050,78,1.856689453125,95.013
2024-07-17T05:59:52.596187,78,1.856689453125,95.013
2024-07-17T05:59:52.621305,78,1.856689453125,95.013
2024-07-17T05:59:52.646410,78,1.856689453125,95.013
2024-07-17T05:59:52.671505,78,1.856689453125,167.124
2024-07-17T05:59:52.696644,78,1.856689453125,167.124
2024-07-17T05:59:52.721827,78,1.856689453125,167.124
2024-07-17T05:59:52.746952,78,1.856689453125,167.124
2024-07-17T05:59:52.772065,78,1.856689453125,166.503
2024-07-17T05:59:52.797196,70,1.856689453125,166.503
2024-07-17T05:59:52.822468,70,1.856689453125,166.503
2024-07-17T05:59:52.847641,70,1.856689453125,166.503
2024-07-17T05:59:52.872784,70,1.856689453125,81.58
2024-07-17T05:59:52.897921,70,1.856689453125,81.58
2024-07-17T05:59:52.923038,70,1.856689453125,81.58
2024-07-17T05:59:52.948791,70,1.856689453125,81.58
2024-07-17T05:59:52.973962,70,1.856689453125,81.58
2024-07-17T05:59:52.999103,79,1.856689453125,123.303
2024-07-17T05:59:53.024222,79,1.856689453125,123.303
2024-07-17T05:59:53.049331,79,1.856689453125,123.303
2024-07-17T05:59:53.074422,79,1.856689453125,171.573
2024-07-17T05:59:53.099577,79,1.856689453125,171.573
2024-07-17T05:59:53.124731,79,1.856689453125,171.573
2024-07-17T05:59:53.149856,79,1.856689453125,171.573
2024-07-17T05:59:53.174972,79,1.856689453125,163.288
2024-07-17T05:59:53.200089,79,1.856689453125,163.288
2024-07-17T05:59:53.226096,82,1.856689453125,163.288
2024-07-17T05:59:53.251261,82,1.856689453125,163.288
2024-07-17T05:59:53.276414,82,1.856689453125,84.192
2024-07-17T05:59:53.301533,82,1.856689453125,84.192
2024-07-17T05:59:53.326645,82,1.856689453125,84.192
2024-07-17T05:59:53.351735,82,1.856689453125,84.192
2024-07-17T05:59:53.376877,82,1.856689453125,171.905
2024-07-17T05:59:53.402073,82,1.856689453125,171.905
2024-07-17T05:59:53.427228,63,1.856689453125,171.905
2024-07-17T05:59:53.452345,63,1.856689453125,171.905
2024-07-17T05:59:53.477447,63,1.856689453125,171.905
2024-07-17T05:59:53.502542,63,1.856689453125,175.288
2024-07-17T05:59:53.527702,63,1.856689453125,175.288
2024-07-17T05:59:53.552850,63,1.856689453125,175.288
2024-07-17T05:59:53.577969,63,1.856689453125,175.288
2024-07-17T05:59:53.603079,84,1.856689453125,151.503
2024-07-17T05:59:53.628171,84,1.856689453125,151.503
2024-07-17T05:59:53.653329,84,1.856689453125,151.503
2024-07-17T05:59:53.678506,84,1.856689453125,151.503
2024-07-17T05:59:53.703687,84,1.856689453125,133.003
2024-07-17T05:59:53.728825,84,1.856689453125,133.003
2024-07-17T05:59:53.753937,84,1.856689453125,133.003
2024-07-17T05:59:53.779028,84,1.856689453125,133.003
2024-07-17T05:59:53.804178,84,1.856689453125,178.015
2024-07-17T05:59:53.829360,66,1.856689453125,178.015
2024-07-17T05:59:53.854481,66,1.856689453125,178.015
2024-07-17T05:59:53.879598,66,1.856689453125,178.015
2024-07-17T05:59:53.904710,66,1.856689453125,178.015
2024-07-17T05:59:53.929830,66,1.856689453125,177.265
2024-07-17T05:59:53.955019,66,1.856689453125,177.265
2024-07-17T05:59:53.980186,66,1.856689453125,177.265
2024-07-17T05:59:54.005305,66,1.856689453125,177.265
2024-07-17T05:59:54.030416,83,1.856689453125,83.784
2024-07-17T05:59:54.055524,83,1.856689453125,83.784
2024-07-17T05:59:54.080693,83,1.856689453125,83.784
2024-07-17T05:59:54.105922,83,1.856689453125,186.078
2024-07-17T05:59:54.131044,83,1.856689453125,186.078
2024-07-17T05:59:54.156178,83,1.856689453125,186.078
2024-07-17T05:59:54.181284,83,1.856689453125,186.078
2024-07-17T05:59:54.206377,83,1.856689453125,186.473
2024-07-17T05:59:54.231516,75,1.856689453125,186.473
2024-07-17T05:59:54.258328,75,1.856689453125,186.473
2024-07-17T05:59:54.283492,75,1.856689453125,186.473
2024-07-17T05:59:54.308673,75,1.856689453125,186.473
2024-07-17T05:59:54.333789,75,1.856689453125,70.595
2024-07-17T05:59:54.359064,75,1.856689453125,70.595
2024-07-17T05:59:54.384188,75,1.856689453125,70.595
2024-07-17T05:59:54.409369,75,1.856689453125,70.595
2024-07-17T05:59:54.434498,52,1.856689453125,173.439
2024-07-17T05:59:54.459636,52,1.856689453125,173.439
2024-07-17T05:59:54.484747,52,1.856689453125,173.439
2024-07-17T05:59:54.509840,52,1.856689453125,173.439
2024-07-17T05:59:54.535021,52,1.856689453125,167.987
2024-07-17T05:59:54.560229,52,1.856689453125,167.987
2024-07-17T05:59:54.585352,52,1.856689453125,167.987
2024-07-17T05:59:54.610468,52,1.856689453125,167.987
2024-07-17T05:59:54.635576,52,1.856689453125,167.987
2024-07-17T05:59:54.660666,80,1.856689453125,174.518
2024-07-17T05:59:54.685819,80,1.856689453125,174.518
2024-07-17T05:59:54.710985,80,1.856689453125,174.518
2024-07-17T05:59:54.736105,80,1.856689453125,174.518
2024-07-17T05:59:54.761219,80,1.856689453125,173.258
2024-07-17T05:59:54.786329,80,1.856689453125,173.258
2024-07-17T05:59:54.811440,80,1.856689453125,173.258
2024-07-17T05:59:54.836633,80,1.856689453125,173.258
2024-07-17T05:59:54.861784,71,1.856689453125,125.069
2024-07-17T05:59:54.886855,71,1.856689453125,125.069
2024-07-17T05:59:54.911967,71,1.856689453125,125.069
2024-07-17T05:59:54.937076,71,1.856689453125,125.069
2024-07-17T05:59:54.962273,71,1.856689453125,125.069
2024-07-17T05:59:54.987469,71,1.856689453125,125.069
2024-07-17T05:59:55.012592,71,1.856689453125,125.069
2024-07-17T05:59:55.037706,71,1.856689453125,125.069
2024-07-17T05:59:55.062812,71,1.856689453125,174.325
2024-07-17T05:59:55.087858,72,1.856689453125,174.325
2024-07-17T05:59:55.113007,72,1.856689453125,174.325
2024-07-17T05:59:55.138162,72,1.856689453125,174.325
2024-07-17T05:59:55.163280,72,1.856689453125,160.631
2024-07-17T05:59:55.188409,72,1.856689453125,160.631
2024-07-17T05:59:55.213517,72,1.856689453125,160.631
2024-07-17T05:59:55.238623,72,1.856689453125,160.631
2024-07-17T05:59:55.263796,72,1.856689453125,88.526
2024-07-17T05:59:55.288956,82,1.856689453125,88.526
2024-07-17T05:59:55.314102,82,1.856689453125,88.526
2024-07-17T05:59:55.339216,82,1.856689453125,88.526
2024-07-17T05:59:55.364328,82,1.856689453125,174.595
2024-07-17T05:59:55.391327,82,1.856689453125,174.595
2024-07-17T05:59:55.416472,82,1.856689453125,174.595
2024-07-17T05:59:55.441641,82,1.856689453125,174.595
2024-07-17T05:59:55.466786,82,1.856689453125,174.595
2024-07-17T05:59:55.491854,55,1.856689453125,93.597
2024-07-17T05:59:55.516980,55,1.856689453125,93.597
2024-07-17T05:59:55.542071,55,1.856689453125,93.597
2024-07-17T05:59:55.567276,55,1.856689453125,173.372
2024-07-17T05:59:55.592448,55,1.856689453125,173.372
2024-07-17T05:59:55.617568,55,1.856689453125,173.372
2024-07-17T05:59:55.642681,55,1.856689453125,173.372
2024-07-17T05:59:55.667782,55,1.856689453125,184.973
2024-07-17T05:59:55.692858,55,1.856689453125,184.973
2024-07-17T05:59:55.718044,73,1.856689453125,184.973
2024-07-17T05:59:55.743174,73,1.856689453125,184.973
2024-07-17T05:59:55.768291,73,1.856689453125,184.973
2024-07-17T05:59:55.793397,73,1.856689453125,167.952
2024-07-17T05:59:55.818595,73,1.856689453125,167.952
2024-07-17T05:59:55.843725,73,1.856689453125,167.952
2024-07-17T05:59:55.868895,73,1.856689453125,167.952
2024-07-17T05:59:55.894023,84,1.856689453125,88.259
2024-07-17T05:59:55.919140,84,1.856689453125,88.259
2024-07-17T05:59:55.944247,84,1.856689453125,88.259
2024-07-17T05:59:55.969338,84,1.856689453125,185.006
2024-07-17T05:59:55.994501,84,1.856689453125,185.006
2024-07-17T05:59:56.019647,84,1.856689453125,185.006
2024-07-17T05:59:56.044769,84,1.856689453125,185.006
2024-07-17T05:59:56.069850,84,1.856689453125,185.006
2024-07-17T05:59:56.094933,84,1.856689453125,174.703
2024-07-17T05:59:56.120037,68,1.856689453125,174.703
2024-07-17T05:59:56.145223,68,1.858642578125,174.703
2024-07-17T05:59:56.170351,68,1.858642578125,174.703
2024-07-17T05:59:56.195467,68,1.858642578125,120.842
2024-07-17T05:59:56.220574,68,1.858642578125,120.842
2024-07-17T05:59:56.245672,68,1.858642578125,120.842
2024-07-17T05:59:56.270811,68,1.858642578125,120.842
2024-07-17T05:59:56.296012,68,1.858642578125,120.842
2024-07-17T05:59:56.321153,85,1.858642578125,172.322
2024-07-17T05:59:56.346265,85,1.858642578125,172.322
2024-07-17T05:59:56.371362,85,1.858642578125,172.322
2024-07-17T05:59:56.396450,85,1.858642578125,175.609
2024-07-17T05:59:56.421599,85,1.858642578125,175.609
2024-07-17T05:59:56.446729,85,1.858642578125,175.609
2024-07-17T05:59:56.471849,85,1.858642578125,175.609
2024-07-17T05:59:56.496953,85,1.858642578125,158.378
2024-07-17T05:59:56.522045,70,1.858642578125,158.378
2024-07-17T05:59:56.547550,70,1.858642578125,158.378
2024-07-17T05:59:56.572745,70,1.858642578125,158.378
2024-07-17T05:59:56.597855,70,1.858642578125,158.378
2024-07-17T05:59:56.622967,70,1.858642578125,83.917
2024-07-17T05:59:56.648065,70,1.858642578125,83.917
2024-07-17T05:59:56.673152,70,1.858642578125,83.917
2024-07-17T05:59:56.698300,70,1.858642578125,173.73
2024-07-17T05:59:56.723508,70,1.858642578125,173.73
2024-07-17T05:59:56.748676,83,1.858642578125,173.73
2024-07-17T05:59:56.773793,83,1.858642578125,173.73
2024-07-17T05:59:56.798910,83,1.858642578125,173.73
2024-07-17T05:59:56.824070,83,1.858642578125,164.194
2024-07-17T05:59:56.849210,83,1.858642578125,164.194
2024-07-17T05:59:56.874332,83,1.858642578125,164.194
2024-07-17T05:59:56.899451,83,1.858642578125,146.944
2024-07-17T05:59:56.924888,83,1.858642578125,146.944
2024-07-17T05:59:56.949997,61,1.858642578125,146.944
2024-07-17T05:59:56.975136,61,1.858642578125,146.944
2024-07-17T05:59:57.000305,61,1.858642578125,146.944
2024-07-17T05:59:57.025435,61,1.858642578125,90.031
2024-07-17T05:59:57.050550,61,1.858642578125,90.031
2024-07-17T05:59:57.075664,61,1.858642578125,90.031
2024-07-17T05:59:57.100796,61,1.858642578125,90.031
2024-07-17T05:59:57.125944,76,1.858642578125,170.682
2024-07-17T05:59:57.151065,76,1.858642578125,170.682
2024-07-17T05:59:57.176227,76,1.858642578125,170.682
2024-07-17T05:59:57.201338,76,1.858642578125,170.682
2024-07-17T05:59:57.226450,76,1.858642578125,164.69
2024-07-17T05:59:57.251608,76,1.858642578125,164.69
2024-07-17T05:59:57.276770,76,1.858642578125,164.69
2024-07-17T05:59:57.301855,76,1.858642578125,164.69
2024-07-17T05:59:57.326971,76,1.858642578125,77.418
2024-07-17T05:59:57.352087,75,1.858642578125,77.418
2024-07-17T05:59:57.377228,75,1.858642578125,77.418
2024-07-17T05:59:57.402423,75,1.858642578125,77.418
2024-07-17T05:59:57.427549,75,1.858642578125,168.344
2024-07-17T05:59:57.452665,75,1.858642578125,168.344
2024-07-17T05:59:57.477783,75,1.858642578125,168.344
2024-07-17T05:59:57.502926,75,1.858642578125,168.344
2024-07-17T05:59:57.528110,75,2.469970703125,168.344
2024-07-17T05:59:57.553239,68,2.469970703125,162.624
2024-07-17T05:59:57.578354,68,2.469970703125,162.624
2024-07-17T05:59:57.603461,68,2.469970703125,162.624
2024-07-17T05:59:57.628553,68,2.469970703125,162.624
2024-07-17T05:59:57.704770,68,2.469970703125,133.132
2024-07-17T05:59:57.729965,68,2.469970703125,76.882
2024-07-17T05:59:57.755117,68,2.469970703125,76.882
2024-07-17T05:59:57.780265,83,2.469970703125,76.882
2024-07-17T05:59:57.805444,83,2.469970703125,76.882
2024-07-17T05:59:57.830697,83,2.469970703125,76.882
2024-07-17T05:59:57.855940,83,2.469970703125,69.722
2024-07-17T05:59:57.881106,83,2.469970703125,69.722
2024-07-17T05:59:57.906332,83,2.469970703125,69.722
2024-07-17T05:59:57.931557,83,2.469970703125,69.722
2024-07-17T05:59:57.956751,3,2.469970703125,67.087
2024-07-17T05:59:57.983006,3,2.469970703125,67.087
2024-07-17T05:59:58.008208,3,2.469970703125,67.087
2024-07-17T05:59:58.033430,3,2.469970703125,67.087
2024-07-17T05:59:58.058646,3,2.469970703125,66.705
2024-07-17T05:59:58.083825,3,2.469970703125,66.705
2024-07-17T05:59:58.109000,3,2.469970703125,66.705
2024-07-17T05:59:58.134228,3,2.469970703125,66.705
2024-07-17T05:59:58.159440,3,2.469970703125,66.698
2024-07-17T05:59:58.184581,0,2.469970703125,66.698
2024-07-17T05:59:58.209735,0,2.469970703125,66.698
2024-07-17T05:59:58.234867,0,2.469970703125,66.698
2024-07-17T05:59:58.260041,0,2.469970703125,68.924
2024-07-17T05:59:58.285190,0,2.471923828125,68.924
2024-07-17T05:59:58.310349,0,2.471923828125,68.924
2024-07-17T05:59:58.335574,0,2.471923828125,68.924
2024-07-17T05:59:58.360716,0,2.471923828125,68.924
2024-07-17T05:59:58.385861,3,2.471923828125,68.924
2024-07-17T05:59:58.411056,3,2.471923828125,68.924
2024-07-17T05:59:58.436192,3,2.471923828125,68.924
2024-07-17T05:59:58.461341,3,2.471923828125,68.924
2024-07-17T05:59:58.486501,3,2.471923828125,71.662
2024-07-17T05:59:58.511649,3,2.471923828125,71.662
2024-07-17T05:59:58.536783,3,2.471923828125,71.662
2024-07-17T05:59:58.561925,3,2.471923828125,71.662
2024-07-17T05:59:58.587187,12,2.471923828125,71.662
2024-07-17T05:59:58.612325,12,2.471923828125,71.662
2024-07-17T05:59:58.637463,12,2.471923828125,71.662
2024-07-17T05:59:58.662620,12,2.471923828125,73.659
2024-07-17T05:59:58.689890,12,2.471923828125,73.659
2024-07-17T05:59:58.715050,12,2.471923828125,73.659
2024-07-17T05:59:58.740208,12,2.471923828125,73.659
2024-07-17T05:59:58.765345,12,2.471923828125,72.499
2024-07-17T05:59:58.790485,11,2.471923828125,72.499
2024-07-17T05:59:58.815623,11,2.471923828125,72.499
2024-07-17T05:59:58.840779,11,2.471923828125,72.499
2024-07-17T05:59:58.866009,11,2.471923828125,72.499
2024-07-17T05:59:58.891163,11,2.471923828125,69.295
2024-07-17T05:59:58.916316,11,2.471923828125,69.295
2024-07-17T05:59:58.941515,11,2.471923828125,69.295
2024-07-17T05:59:58.966651,11,2.471923828125,70.034
2024-07-17T05:59:58.991807,11,2.471923828125,70.034
2024-07-17T05:59:59.016946,12,2.471923828125,70.034
2024-07-17T05:59:59.042158,12,2.471923828125,70.034
2024-07-17T05:59:59.067295,12,2.471923828125,70.034
2024-07-17T05:59:59.092455,12,2.471923828125,72.319
2024-07-17T05:59:59.125903,12,2.471923828125,72.319
2024-07-17T05:59:59.151038,12,2.471923828125,72.319
2024-07-17T05:59:59.176174,12,2.471923828125,73.162
2024-07-17T05:59:59.201311,12,2.471923828125,73.162
2024-07-17T05:59:59.226460,12,2.471923828125,73.162
2024-07-17T05:59:59.251646,12,2.471923828125,73.162
2024-07-17T05:59:59.276785,12,2.471923828125,73.162
2024-07-17T05:59:59.302053,12,2.471923828125,72.852
2024-07-17T05:59:59.327188,12,2.471923828125,72.852
2024-07-17T05:59:59.352322,12,2.471923828125,72.852
2024-07-17T05:59:59.377481,12,2.471923828125,69.263
2024-07-17T05:59:59.402665,12,2.471923828125,69.263
2024-07-17T05:59:59.427824,11,2.471923828125,69.263
2024-07-17T05:59:59.452982,11,2.471923828125,69.263
2024-07-17T05:59:59.478117,11,2.471923828125,69.263
2024-07-17T05:59:59.503254,11,2.471923828125,69.879
2024-07-17T05:59:59.528406,11,2.471923828125,69.879
2024-07-17T05:59:59.553656,11,2.471923828125,69.879
2024-07-17T05:59:59.578809,11,2.471923828125,69.879
2024-07-17T05:59:59.603965,10,2.471923828125,69.605
2024-07-17T05:59:59.629111,10,2.471923828125,69.605
2024-07-17T05:59:59.654306,10,2.471923828125,69.605
2024-07-17T05:59:59.679544,10,2.471923828125,69.605
2024-07-17T05:59:59.704679,10,2.471923828125,69.877
2024-07-17T05:59:59.729843,10,2.471923828125,69.877
2024-07-17T05:59:59.755078,10,2.471923828125,69.877
2024-07-17T05:59:59.780231,10,2.471923828125,69.877
2024-07-17T05:59:59.805383,10,2.471923828125,69.73
2024-07-17T05:59:59.830522,8,2.471923828125,69.73
2024-07-17T05:59:59.855676,8,2.471923828125,69.73
2024-07-17T05:59:59.880926,8,2.471923828125,69.73
2024-07-17T05:59:59.906078,8,2.471923828125,69.73
2024-07-17T05:59:59.931227,8,2.471923828125,69.581
2024-07-17T05:59:59.956363,8,2.471923828125,69.581
2024-07-17T05:59:59.981531,8,2.471923828125,69.581
2024-07-17T06:00:00.006787,8,2.471923828125,69.224
2024-07-17T06:00:00.031955,8,2.471923828125,69.224
2024-07-17T06:00:00.057173,8,2.471923828125,69.224
2024-07-17T06:00:00.082341,8,2.471923828125,69.224
2024-07-17T06:00:00.107478,8,2.471923828125,69.224
2024-07-17T06:00:00.132616,8,2.471923828125,70.002
2024-07-17T06:00:00.157755,8,2.471923828125,70.002
2024-07-17T06:00:00.182940,8,2.471923828125,70.002
2024-07-17T06:00:00.208089,8,2.471923828125,69.651
2024-07-17T06:00:00.233225,8,2.471923828125,69.651
2024-07-17T06:00:00.258364,8,2.471923828125,69.651
2024-07-17T06:00:00.283540,8,2.471923828125,69.651
2024-07-17T06:00:00.308697,8,2.471923828125,69.651
2024-07-17T06:00:00.333915,8,2.471923828125,69.775
2024-07-17T06:00:00.359049,8,2.471923828125,69.775
2024-07-17T06:00:00.384238,8,2.471923828125,69.775
2024-07-17T06:00:00.409376,8,2.471923828125,69.827
2024-07-17T06:00:00.434514,8,2.471923828125,69.827
2024-07-17T06:00:00.459650,8,2.471923828125,69.827
2024-07-17T06:00:00.484788,8,2.471923828125,69.827
2024-07-17T06:00:00.509965,8,2.471923828125,69.827
2024-07-17T06:00:00.535119,8,2.471923828125,69.78
2024-07-17T06:00:00.560256,8,2.471923828125,69.78
2024-07-17T06:00:00.585395,8,2.471923828125,69.78
2024-07-17T06:00:00.610603,8,2.471923828125,69.78
2024-07-17T06:00:00.635828,8,2.471923828125,69.633
2024-07-17T06:00:00.661001,8,2.471923828125,69.633
2024-07-17T06:00:00.686147,8,2.471923828125,69.633
2024-07-17T06:00:00.711319,8,2.471923828125,69.633
2024-07-17T06:00:00.736456,8,2.471923828125,69.852
2024-07-17T06:00:00.761596,8,2.471923828125,69.852
2024-07-17T06:00:00.786820,8,2.471923828125,69.852
2024-07-17T06:00:00.812009,8,2.471923828125,69.852
2024-07-17T06:00:00.837195,8,2.471923828125,69.554
2024-07-17T06:00:00.862332,8,2.471923828125,69.554
2024-07-17T06:00:00.887510,8,2.471923828125,69.554
2024-07-17T06:00:00.912663,8,2.471923828125,69.554
2024-07-17T06:00:00.937907,8,2.471923828125,69.554
2024-07-17T06:00:00.963054,8,2.471923828125,69.489
2024-07-17T06:00:00.988318,8,2.471923828125,69.489
2024-07-17T06:00:01.013471,8,2.471923828125,69.489
2024-07-17T06:00:01.038704,8,2.471923828125,69.702
2024-07-17T06:00:01.063902,8,2.471923828125,69.702
2024-07-17T06:00:01.089051,8,2.471923828125,69.702
2024-07-17T06:00:01.114190,8,2.471923828125,69.702
2024-07-17T06:00:01.139374,8,2.471923828125,69.702
2024-07-17T06:00:01.164522,8,2.471923828125,69.483
2024-07-17T06:00:01.189672,8,2.471923828125,69.483
2024-07-17T06:00:01.214857,8,2.471923828125,69.483
2024-07-17T06:00:01.239993,8,2.471923828125,69.535
2024-07-17T06:00:01.265242,8,2.471923828125,69.535
2024-07-17T06:00:01.290396,8,2.471923828125,69.535
2024-07-17T06:00:01.315588,8,2.471923828125,69.535
2024-07-17T06:00:01.340759,8,2.471923828125,69.535
2024-07-17T06:00:01.365885,8,2.471923828125,69.19
2024-07-17T06:00:01.391104,8,2.471923828125,69.19
2024-07-17T06:00:01.416241,8,2.471923828125,69.19
2024-07-17T06:00:01.441389,8,2.471923828125,69.908
2024-07-17T06:00:01.466542,8,2.471923828125,69.908
2024-07-17T06:00:01.491738,8,2.471923828125,69.908
2024-07-17T06:00:01.516865,8,2.471923828125,69.908
2024-07-17T06:00:01.541998,8,2.471923828125,69.908
2024-07-17T06:00:01.567133,8,2.471923828125,69.172
2024-07-17T06:00:01.592292,8,2.471923828125,69.172
2024-07-17T06:00:01.617472,8,2.471923828125,69.172
2024-07-17T06:00:01.642610,8,2.487548828125,69.942
2024-07-17T06:00:01.671010,8,2.507080078125,69.942
2024-07-17T06:00:01.696162,7,2.507080078125,69.942
2024-07-17T06:00:01.721361,7,2.507080078125,69.942
2024-07-17T06:00:01.746475,7,2.507080078125,69.942
2024-07-17T06:00:01.771598,7,2.507080078125,70.251
2024-07-17T06:00:01.796711,7,2.507080078125,70.251
2024-07-17T06:00:01.821841,7,2.507080078125,70.251
2024-07-17T06:00:01.852928,7,2.507080078125,72.755
2024-07-17T06:00:01.878050,7,2.507080078125,72.755
2024-07-17T06:00:01.903169,15,2.507080078125,72.755
2024-07-17T06:00:01.932859,15,2.507080078125,72.755
2024-07-17T06:00:01.958018,15,2.507080078125,72.755
2024-07-17T06:00:01.983137,15,2.507080078125,73.56
2024-07-17T06:00:02.012868,15,2.507080078125,73.56
2024-07-17T06:00:02.038003,15,2.507080078125,73.56
2024-07-17T06:00:02.063127,15,2.507080078125,73.56
2024-07-17T06:00:02.093892,15,2.507080078125,73.56
2024-07-17T06:00:02.119029,18,2.507080078125,73.56
2024-07-17T06:00:02.144148,18,2.507080078125,73.56
2024-07-17T06:00:02.173859,18,2.507080078125,73.56
2024-07-17T06:00:02.199019,18,2.507080078125,72.812
2024-07-17T06:00:02.224132,18,2.507080078125,72.812
2024-07-17T06:00:02.255907,18,2.507080078125,72.812
2024-07-17T06:00:02.281019,18,2.507080078125,72.812
2024-07-17T06:00:02.306176,17,2.507080078125,72.812
2024-07-17T06:00:02.338874,17,2.507080078125,72.812
2024-07-17T06:00:02.364090,17,2.507080078125,72.812
2024-07-17T06:00:02.389219,17,2.507080078125,75.235
2024-07-17T06:00:02.420858,17,2.507080078125,75.235
2024-07-17T06:00:02.445981,17,2.507080078125,75.235
2024-07-17T06:00:02.471107,17,2.507080078125,75.235
2024-07-17T06:00:02.496223,17,2.507080078125,75.235
2024-07-17T06:00:02.521336,18,2.507080078125,75.235
2024-07-17T06:00:02.546490,18,2.507080078125,75.235
2024-07-17T06:00:02.571602,18,2.507080078125,75.235
2024-07-17T06:00:02.596785,18,2.507080078125,71.72
2024-07-17T06:00:02.621878,18,2.507080078125,71.72
2024-07-17T06:00:02.647029,18,2.507080078125,71.72
2024-07-17T06:00:02.672154,18,2.507080078125,71.72
2024-07-17T06:00:02.697278,18,2.507080078125,71.705
2024-07-17T06:00:02.722485,12,2.507080078125,71.705
2024-07-17T06:00:02.747601,12,2.507080078125,71.705
2024-07-17T06:00:02.772722,12,2.507080078125,71.705
2024-07-17T06:00:02.797851,12,2.507080078125,71.705
2024-07-17T06:00:02.822963,12,2.507080078125,71.833
2024-07-17T06:00:02.848086,12,2.507080078125,71.833
2024-07-17T06:00:02.873199,12,2.507080078125,71.833
2024-07-17T06:00:02.898346,12,2.507080078125,71.449
2024-07-17T06:00:02.923459,11,2.507080078125,71.449
2024-07-17T06:00:02.948584,11,2.507080078125,71.449
2024-07-17T06:00:02.973708,11,2.507080078125,71.449
2024-07-17T06:00:02.998822,11,2.507080078125,71.449
2024-07-17T06:00:03.023937,11,2.507080078125,71.459
2024-07-17T06:00:03.049063,11,2.507080078125,71.459
2024-07-17T06:00:03.074194,11,2.507080078125,71.459
2024-07-17T06:00:03.099330,11,2.507080078125,71.386
2024-07-17T06:00:03.124457,11,2.507080078125,71.386
2024-07-17T06:00:03.149583,11,2.507080078125,71.386
2024-07-17T06:00:03.174706,11,2.507080078125,71.386
2024-07-17T06:00:03.199858,11,2.507080078125,71.386
2024-07-17T06:00:03.224984,11,2.507080078125,71.316
2024-07-17T06:00:03.250095,11,2.507080078125,71.316
2024-07-17T06:00:03.275240,11,2.507080078125,71.316
2024-07-17T06:00:03.300384,11,2.507080078125,71.627
2024-07-17T06:00:03.325496,11,2.507080078125,71.627
2024-07-17T06:00:03.350609,11,2.507080078125,71.627
2024-07-17T06:00:03.375736,11,2.507080078125,71.627
2024-07-17T06:00:03.400924,11,2.507080078125,71.627
2024-07-17T06:00:03.426057,11,2.507080078125,71.613
2024-07-17T06:00:03.451185,11,2.507080078125,71.613
2024-07-17T06:00:03.476297,11,2.507080078125,71.613
2024-07-17T06:00:03.501419,11,2.507080078125,71.613
2024-07-17T06:00:03.526561,11,2.507080078125,71.261
2024-07-17T06:00:03.551673,11,2.507080078125,71.261
2024-07-17T06:00:03.576802,11,2.507080078125,71.261
2024-07-17T06:00:03.601974,11,2.507080078125,71.261
2024-07-17T06:00:03.627084,11,2.507080078125,71.553
2024-07-17T06:00:03.652221,11,2.507080078125,71.553
2024-07-17T06:00:03.677357,11,2.507080078125,71.553
2024-07-17T06:00:03.702482,11,2.507080078125,71.553
2024-07-17T06:00:03.727608,11,2.507080078125,71.747
2024-07-17T06:00:03.752721,11,2.507080078125,71.747
2024-07-17T06:00:03.777854,11,2.507080078125,71.747
2024-07-17T06:00:03.802965,11,2.507080078125,71.747
2024-07-17T06:00:03.828086,11,2.507080078125,71.747
2024-07-17T06:00:03.853236,11,2.507080078125,71.456
2024-07-17T06:00:03.878348,11,2.507080078125,71.456
2024-07-17T06:00:03.903473,11,2.507080078125,71.456
2024-07-17T06:00:03.928593,11,2.507080078125,71.406
2024-07-17T06:00:03.953714,11,2.507080078125,71.406
2024-07-17T06:00:03.978850,11,2.507080078125,71.406
2024-07-17T06:00:04.003963,11,2.507080078125,71.406
2024-07-17T06:00:04.029105,11,2.507080078125,71.406
2024-07-17T06:00:04.059874,11,2.507080078125,69.464
2024-07-17T06:00:04.085066,11,2.507080078125,69.464
2024-07-17T06:00:04.110179,11,2.507080078125,69.464
2024-07-17T06:00:04.140859,11,2.507080078125,71.71
2024-07-17T06:00:04.165993,13,2.507080078125,71.71
2024-07-17T06:00:04.191108,13,2.507080078125,71.71
2024-07-17T06:00:04.220858,13,2.507080078125,71.71
2024-07-17T06:00:04.245985,13,2.507080078125,71.71
2024-07-17T06:00:04.271157,13,2.507080078125,71.301
2024-07-17T06:00:04.300949,13,2.507080078125,71.301
2024-07-17T06:00:04.326062,13,2.507080078125,71.301
2024-07-17T06:00:04.351183,13,2.507080078125,75.976
2024-07-17T06:00:04.380903,17,2.507080078125,75.976
2024-07-17T06:00:04.406015,17,2.507080078125,75.976
2024-07-17T06:00:04.431165,17,2.507080078125,75.976
2024-07-17T06:00:04.461885,17,2.507080078125,74.369
2024-07-17T06:00:04.487013,17,2.507080078125,74.369
2024-07-17T06:00:04.512127,17,2.507080078125,74.369
2024-07-17T06:00:04.541873,17,2.507080078125,71.456
2024-07-17T06:00:04.567029,18,2.507080078125,71.456
2024-07-17T06:00:04.592150,18,2.507080078125,71.456
2024-07-17T06:00:04.621877,18,2.507080078125,71.456
2024-07-17T06:00:04.646989,18,2.507080078125,71.608
2024-07-17T06:00:04.672120,18,2.507080078125,71.608
2024-07-17T06:00:04.702858,18,2.507080078125,71.608
2024-07-17T06:00:04.727988,18,2.507080078125,71.608
2024-07-17T06:00:04.753102,18,2.507080078125,76.054
2024-07-17T06:00:04.782881,18,2.507080078125,76.054
2024-07-17T06:00:04.808009,17,2.507080078125,76.054
2024-07-17T06:00:04.833121,17,2.507080078125,76.054
2024-07-17T06:00:04.858246,17,2.507080078125,76.054
2024-07-17T06:00:04.883368,17,2.507080078125,74.316
2024-07-17T06:00:04.908480,17,2.507080078125,74.316
2024-07-17T06:00:04.933670,17,2.507080078125,74.316
2024-07-17T06:00:04.958857,17,2.507080078125,71.53
2024-07-17T06:00:04.983977,17,2.507080078125,71.53
2024-07-17T06:00:05.009116,16,2.507080078125,71.53
2024-07-17T06:00:05.034261,16,2.507080078125,71.53
2024-07-17T06:00:05.059441,16,2.507080078125,71.53
2024-07-17T06:00:05.084570,16,2.507080078125,71.779
2024-07-17T06:00:05.109693,16,2.507080078125,71.779
2024-07-17T06:00:05.134810,16,2.507080078125,71.779
2024-07-17T06:00:05.159923,16,2.507080078125,71.779
2024-07-17T06:00:05.185052,16,2.507080078125,71.553
2024-07-17T06:00:05.210173,12,2.507080078125,71.553
2024-07-17T06:00:05.235285,12,2.507080078125,71.553
2024-07-17T06:00:05.260399,12,2.507080078125,71.553
2024-07-17T06:00:05.285515,12,2.507080078125,71.359
2024-07-17T06:00:05.310662,12,2.507080078125,71.359
2024-07-17T06:00:05.335774,12,2.507080078125,71.359
2024-07-17T06:00:05.360869,12,2.507080078125,71.359
2024-07-17T06:00:05.385993,12,2.507080078125,71.834
2024-07-17T06:00:05.411112,11,2.507080078125,71.834
2024-07-17T06:00:05.436235,11,2.507080078125,71.834
2024-07-17T06:00:05.461349,11,2.507080078125,71.834
2024-07-17T06:00:05.486473,11,2.507080078125,71.834
2024-07-17T06:00:05.511595,11,2.507080078125,71.359
2024-07-17T06:00:05.536725,11,2.507080078125,71.359
2024-07-17T06:00:05.561871,11,2.507080078125,71.359
2024-07-17T06:00:05.586984,11,2.507080078125,71.359
2024-07-17T06:00:05.612113,12,2.507080078125,71.807
2024-07-17T06:00:05.637297,12,2.507080078125,71.807
2024-07-17T06:00:05.662409,12,2.507080078125,71.807
2024-07-17T06:00:05.687535,12,2.507080078125,71.807
2024-07-17T06:00:05.712649,12,2.507080078125,71.807
2024-07-17T06:00:05.737780,12,2.507080078125,71.807
2024-07-17T06:00:05.762907,12,2.507080078125,71.807
2024-07-17T06:00:05.788032,12,2.507080078125,71.433
2024-07-17T06:00:05.813174,12,2.507080078125,71.433
2024-07-17T06:00:05.838314,11,2.507080078125,71.433
2024-07-17T06:00:05.863440,11,2.507080078125,71.433
2024-07-17T06:00:05.888570,11,2.507080078125,71.433
2024-07-17T06:00:05.913692,11,2.507080078125,71.378
2024-07-17T06:00:05.938805,11,2.507080078125,71.378
2024-07-17T06:00:05.963950,11,2.507080078125,71.378
2024-07-17T06:00:05.989088,11,2.507080078125,71.378
2024-07-17T06:00:06.014201,11,2.507080078125,71.378
2024-07-17T06:00:06.039346,11,2.507080078125,71.378
2024-07-17T06:00:06.064471,11,2.507080078125,71.378
2024-07-17T06:00:06.089584,11,2.507080078125,71.378
2024-07-17T06:00:06.114717,11,2.507080078125,71.511
2024-07-17T06:00:06.139893,11,2.507080078125,71.511
2024-07-17T06:00:06.165004,11,2.507080078125,71.511
2024-07-17T06:00:06.190132,11,2.507080078125,71.511
2024-07-17T06:00:06.215309,11,2.507080078125,71.572
2024-07-17T06:00:06.240448,12,2.507080078125,71.572
2024-07-17T06:00:06.265568,12,2.507080078125,71.572
2024-07-17T06:00:06.290681,12,2.507080078125,71.572
2024-07-17T06:00:06.315796,12,2.507080078125,71.572
2024-07-17T06:00:06.340950,12,2.507080078125,71.281
2024-07-17T06:00:06.366085,12,2.507080078125,71.281
2024-07-17T06:00:06.391208,12,2.507080078125,71.281
2024-07-17T06:00:06.420887,12,2.507080078125,72.196
2024-07-17T06:00:06.446045,11,2.507080078125,72.196
2024-07-17T06:00:06.471204,11,2.507080078125,72.196
2024-07-17T06:00:06.500859,11,2.507080078125,72.196
2024-07-17T06:00:06.526029,11,2.507080078125,71.414
2024-07-17T06:00:06.551140,11,2.507080078125,71.414
2024-07-17T06:00:06.581859,11,2.507080078125,71.414
2024-07-17T06:00:06.606988,11,2.507080078125,71.414
2024-07-17T06:00:06.632099,17,2.507080078125,74.963
2024-07-17T06:00:06.661891,17,2.507080078125,74.963
2024-07-17T06:00:06.687018,17,2.507080078125,74.963
2024-07-17T06:00:06.712138,17,2.507080078125,76.502
2024-07-17T06:00:06.741870,17,2.507080078125,76.502
2024-07-17T06:00:06.767027,17,2.507080078125,76.502
2024-07-17T06:00:06.792148,17,2.507080078125,76.502
2024-07-17T06:00:06.822859,17,2.507080078125,72.175
2024-07-17T06:00:06.847999,17,2.507080078125,72.175
2024-07-17T06:00:06.873168,17,2.507080078125,72.175
2024-07-17T06:00:06.902933,17,2.507080078125,72.175
2024-07-17T06:00:06.928092,17,2.507080078125,72.175
2024-07-17T06:00:06.953204,17,2.507080078125,71.335
2024-07-17T06:00:06.982859,17,2.507080078125,71.335
2024-07-17T06:00:07.008034,17,2.507080078125,71.335
2024-07-17T06:00:07.033148,17,2.507080078125,74.887
2024-07-17T06:00:07.063870,18,2.507080078125,74.887
2024-07-17T06:00:07.088991,18,2.507080078125,74.887
2024-07-17T06:00:07.114112,18,2.507080078125,74.887
2024-07-17T06:00:07.139234,18,2.507080078125,74.887
2024-07-17T06:00:07.164366,18,2.507080078125,76.295
2024-07-17T06:00:07.189478,18,2.507080078125,76.295
2024-07-17T06:00:07.214591,18,2.507080078125,76.295
2024-07-17T06:00:07.239741,18,2.507080078125,71.212
2024-07-17T06:00:07.264864,18,2.507080078125,71.212
2024-07-17T06:00:07.289975,13,2.507080078125,71.212
2024-07-17T06:00:07.315113,13,2.507080078125,71.212
2024-07-17T06:00:07.340273,13,2.507080078125,71.212
2024-07-17T06:00:07.365385,13,2.507080078125,71.452
2024-07-17T06:00:07.390512,13,2.507080078125,71.452
2024-07-17T06:00:07.415648,13,2.507080078125,71.452
2024-07-17T06:00:07.440770,13,2.507080078125,71.85
2024-07-17T06:00:07.465859,13,2.507080078125,71.85
2024-07-17T06:00:07.490989,12,2.507080078125,71.85
2024-07-17T06:00:07.516111,12,2.507080078125,71.85
2024-07-17T06:00:07.541248,12,2.507080078125,71.85
2024-07-17T06:00:07.566408,12,2.507080078125,71.211
2024-07-17T06:00:07.591572,12,2.507080078125,71.211
2024-07-17T06:00:07.616684,12,2.507080078125,71.211
2024-07-17T06:00:07.641886,12,2.507080078125,71.211
2024-07-17T06:00:07.667008,12,2.507080078125,71.433
2024-07-17T06:00:07.692150,12,2.507080078125,71.433
2024-07-17T06:00:07.717322,12,2.507080078125,71.433
2024-07-17T06:00:07.742435,12,2.507080078125,71.433
2024-07-17T06:00:07.767586,12,2.507080078125,71.717
2024-07-17T06:00:07.792776,12,2.507080078125,71.717
2024-07-17T06:00:07.817892,12,2.507080078125,71.717
2024-07-17T06:00:07.843003,12,2.507080078125,71.717
2024-07-17T06:00:07.868124,12,2.507080078125,70.73
2024-07-17T06:00:07.893276,11,2.507080078125,70.73
2024-07-17T06:00:07.918408,11,2.507080078125,70.73
2024-07-17T06:00:07.943522,11,2.507080078125,70.73
2024-07-17T06:00:07.968672,11,2.507080078125,70.73
2024-07-17T06:00:07.993784,11,2.507080078125,71.191
2024-07-17T06:00:08.018869,11,2.507080078125,71.191
2024-07-17T06:00:08.043982,11,2.507080078125,71.191
2024-07-17T06:00:08.069095,11,2.507080078125,71.53
2024-07-17T06:00:08.094209,11,2.507080078125,71.53
2024-07-17T06:00:08.119325,11,2.507080078125,71.53
2024-07-17T06:00:08.144500,11,2.507080078125,71.53
2024-07-17T06:00:08.169613,11,2.507080078125,71.53
2024-07-17T06:00:08.194727,11,2.507080078125,71.414
2024-07-17T06:00:08.219871,11,2.507080078125,71.414
2024-07-17T06:00:08.244983,11,2.507080078125,71.414
2024-07-17T06:00:08.270096,11,2.507080078125,71.234
2024-07-17T06:00:08.295209,11,2.507080078125,71.234
2024-07-17T06:00:08.320340,11,2.507080078125,71.234
2024-07-17T06:00:08.345514,11,2.507080078125,71.234
2024-07-17T06:00:08.370627,11,2.507080078125,71.234
2024-07-17T06:00:08.395742,11,2.507080078125,71.191
2024-07-17T06:00:08.420898,11,2.507080078125,71.191
2024-07-17T06:00:08.446010,11,2.507080078125,71.191
2024-07-17T06:00:08.471146,11,2.507080078125,71.335
2024-07-17T06:00:08.496276,11,2.507080078125,71.335
2024-07-17T06:00:08.521388,11,2.507080078125,71.335
2024-07-17T06:00:08.546515,11,2.507080078125,71.335
2024-07-17T06:00:08.571638,11,2.507080078125,71.335
2024-07-17T06:00:08.596750,11,2.507080078125,71.017
2024-07-17T06:00:08.621937,11,2.507080078125,71.017
2024-07-17T06:00:08.647050,11,2.507080078125,71.017
2024-07-17T06:00:08.672175,11,2.507080078125,71.017
2024-07-17T06:00:08.699874,11,2.507080078125,71.422
2024-07-17T06:00:08.724995,12,2.507080078125,71.422
2024-07-17T06:00:08.750155,12,2.507080078125,71.422
2024-07-17T06:00:08.775281,12,2.507080078125,71.422
2024-07-17T06:00:08.800393,12,2.507080078125,75.899
2024-07-17T06:00:08.829867,12,2.507080078125,75.899
2024-07-17T06:00:08.855018,12,2.507080078125,75.899
2024-07-17T06:00:08.880159,12,2.507080078125,75.899
2024-07-17T06:00:08.910233,12,2.507080078125,72.125
2024-07-17T06:00:08.935345,18,2.507080078125,72.125
2024-07-17T06:00:08.960492,18,2.507080078125,72.125
2024-07-17T06:00:08.990901,18,2.507080078125,72.125
2024-07-17T06:00:09.016023,18,2.507080078125,75.275
2024-07-17T06:00:09.041136,18,2.507080078125,75.275
2024-07-17T06:00:09.070876,18,2.507080078125,75.275
2024-07-17T06:00:09.096000,18,2.507080078125,75.275
2024-07-17T06:00:09.121208,18,2.507080078125,75.275
2024-07-17T06:00:09.151887,17,2.507080078125,75.275
2024-07-17T06:00:09.176998,17,2.507080078125,75.275
2024-07-17T06:00:09.202181,17,2.507080078125,75.275
2024-07-17T06:00:09.232886,17,2.507080078125,71.954
2024-07-17T06:00:09.258051,17,2.507080078125,71.954
2024-07-17T06:00:09.283209,17,2.507080078125,71.954
2024-07-17T06:00:09.310680,17,2.507080078125,71.954
2024-07-17T06:00:09.335793,18,2.507080078125,71.954
2024-07-17T06:00:09.360861,18,2.507080078125,71.954
2024-07-17T06:00:09.393875,18,2.507080078125,71.954
2024-07-17T06:00:09.419018,18,2.507080078125,74.544
2024-07-17T06:00:09.444130,18,2.507080078125,74.544
2024-07-17T06:00:09.469251,18,2.507080078125,74.544
2024-07-17T06:00:09.494416,18,2.507080078125,74.544
2024-07-17T06:00:09.519528,18,2.507080078125,74.544
2024-07-17T06:00:09.544664,16,2.507080078125,74.544
2024-07-17T06:00:09.569786,16,2.507080078125,74.544
2024-07-17T06:00:09.594869,16,2.507080078125,74.544
2024-07-17T06:00:09.619991,16,2.507080078125,71.613
2024-07-17T06:00:09.645117,16,2.507080078125,71.613
2024-07-17T06:00:09.670231,16,2.507080078125,71.613
2024-07-17T06:00:09.695387,16,2.507080078125,71.613
2024-07-17T06:00:09.720500,16,2.507080078125,71.553
2024-07-17T06:00:09.745660,11,2.507080078125,71.553
2024-07-17T06:00:09.770831,11,2.507080078125,71.553
2024-07-17T06:00:09.795998,11,2.507080078125,71.553
2024-07-17T06:00:09.821161,11,2.507080078125,71.553
2024-07-17T06:00:09.846296,11,2.507080078125,71.261
2024-07-17T06:00:09.871423,11,2.507080078125,71.261
2024-07-17T06:00:09.896536,11,2.507080078125,71.261
2024-07-17T06:00:09.921725,11,2.507080078125,71.378
2024-07-17T06:00:09.946880,11,2.507080078125,71.378
2024-07-17T06:00:09.972001,12,2.507080078125,71.378
2024-07-17T06:00:09.997122,12,2.507080078125,71.378
2024-07-17T06:00:10.022235,12,2.507080078125,71.378
2024-07-17T06:00:10.047359,12,2.507080078125,71.378
2024-07-17T06:00:10.072487,12,2.507080078125,71.378
2024-07-17T06:00:10.097609,12,2.507080078125,71.378
2024-07-17T06:00:10.122722,12,2.507080078125,71.309
2024-07-17T06:00:10.147835,12,2.507080078125,71.309
2024-07-17T06:00:10.172950,12,2.507080078125,71.309
2024-07-17T06:00:10.198141,12,2.507080078125,71.309
2024-07-17T06:00:10.223264,12,2.507080078125,71.309
2024-07-17T06:00:10.248409,12,2.507080078125,71.309
2024-07-17T06:00:10.273552,12,2.507080078125,71.309
2024-07-17T06:00:10.298665,12,2.507080078125,71.309
2024-07-17T06:00:10.323837,12,2.507080078125,71.309
2024-07-17T06:00:10.349000,12,2.507080078125,71.779
2024-07-17T06:00:10.374124,12,2.507080078125,71.779
2024-07-17T06:00:10.399237,12,2.507080078125,71.779
2024-07-17T06:00:10.424362,12,2.507080078125,71.779
2024-07-17T06:00:10.449491,12,2.507080078125,71.352
2024-07-17T06:00:10.474685,12,2.507080078125,71.352
2024-07-17T06:00:10.499798,12,2.507080078125,71.352
2024-07-17T06:00:10.524947,12,2.507080078125,71.352
2024-07-17T06:00:10.550057,12,2.507080078125,71.456
2024-07-17T06:00:10.575169,12,2.507080078125,71.456
2024-07-17T06:00:10.600281,12,2.507080078125,71.456
2024-07-17T06:00:10.625405,12,2.507080078125,71.456
2024-07-17T06:00:10.650547,12,2.507080078125,71.456
2024-07-17T06:00:10.675667,12,2.507080078125,71.456
2024-07-17T06:00:10.700789,12,2.507080078125,71.456
2024-07-17T06:00:10.725870,12,2.507080078125,71.456
2024-07-17T06:00:10.750980,12,2.507080078125,71.017
2024-07-17T06:00:10.776120,12,2.507080078125,71.017
2024-07-17T06:00:10.801252,12,2.507080078125,71.017
2024-07-17T06:00:10.826445,12,2.507080078125,71.017
2024-07-17T06:00:10.851571,12,2.507080078125,71.017
2024-07-17T06:00:10.876748,12,2.507080078125,71.414
2024-07-17T06:00:10.901884,12,2.507080078125,71.414
2024-07-17T06:00:10.927036,12,2.507080078125,71.414
